title,link,compound,pos,neu,neg,published_date,sentiment_score,,,
America.Fun AMA: Why 99% of Solana Tokens Fail and What We__e Doing Differently,https://www.reddit.com/r/CryptoCurrency/comments/1q8p7t5/americafun_ama_why_99_of_solana_tokens_fail_and/,0.8878,0.071,0.882,0.047,2026/1/9,-0.8,0,29,0.58
"17 Years Ago Today, The First-Ever Tweet Mentioning Bitcoin Was Posted By Hal Finney",https://www.reddit.com/r/CryptoCurrency/comments/1q8yyvd/17_years_ago_today_the_firstever_tweet_mentioning/,0,0,1,0,2026/1/10,0.3,1,,
"Crypto whale opens $325M long positions in BTC, ETH, XRP, and SOL",https://www.reddit.com/r/CryptoCurrency/comments/1q8cq8b/crypto_whale_opens_325m_long_positions_in_btc_eth/,0,0,1,0,2026/1/9,0.8,1,,
"Crypto whale opens $325M long positions in BTC, ETH, XRP, and SOL",https://www.reddit.com/r/CryptoCurrency/comments/1q8cq8b/crypto_whale_opens_325m_long_positions_in_btc_eth/,0,0,1,0,2026/1/9,0.8,1,,
"Crypto whale opens $325M long positions in BTC, ETH, XRP, and SOL",https://www.reddit.com/r/CryptoCurrency/comments/1q8cq8b/crypto_whale_opens_325m_long_positions_in_btc_eth/,0,0,1,0,2026/1/9,0.8,1,,
"Crypto whale opens $325M long positions in BTC, ETH, XRP, and SOL",https://www.reddit.com/r/CryptoCurrency/comments/1q8cq8b/crypto_whale_opens_325m_long_positions_in_btc_eth/,0,0,1,0,2026/1/9,0.4,1,,
"Bernstein expects Bitcoin to Rise, Strategy (MSTR) Buys More Bitcoin",https://www.reddit.com/r/CryptoCurrency/comments/1q8nwqg/bernstein_expects_bitcoin_to_rise_strategy_mstr/,0,0,1,0,2026/1/9,0.4,1,,
Bitcoin is not the king of the dark web _ and the reason why is a $154 billion crypto nightmare,https://www.reddit.com/r/CryptoCurrency/comments/1q8y5tx/bitcoin_is_not_the_king_of_the_dark_web_and_the/,0,0,1,0,2026/1/9,-0.9,0,,
"Wall Street__ crypto debate is over as banks go all-in on BTC, stablecoins, tokenized cash",https://www.reddit.com/r/CryptoCurrency/comments/1q8yzx7/wall_streets_crypto_debate_is_over_as_banks_go/,0,0,1,0,2026/1/10,0.9,1,,
2025 crypto felt like the market is actively trolling us - or am I losing my mind?,https://www.reddit.com/r/CryptoCurrency/comments/1q8lcaj/2025_crypto_felt_like_the_market_is_actively/,-0.9985,0.097,0.751,0.152,2026/1/9,-0.7,1,,
2025 crypto felt like the market is actively trolling us - or am I losing my mind?,https://www.reddit.com/r/CryptoCurrency/comments/1q8lcaj/2025_crypto_felt_like_the_market_is_actively/,-0.9985,0.097,0.751,0.152,2026/1/9,-0.7,1,,
Ripple Wins Major Regulatory Approval from UK__ FCA,https://www.reddit.com/r/CryptoCurrency/comments/1q8xc3t/ripple_wins_major_regulatory_approval_from_uks_fca/,0.9666,0.186,0.814,0,2026/1/9,0.9,1,,
Ripple secures FCA registration in the UK,https://www.reddit.com/r/CryptoCurrency/comments/1q8hr3k/ripple_secures_fca_registration_in_the_uk/,0.3182,0.126,0.874,0,2026/1/9,0.4,1,,
Tether partners with UNODC after INTERPOL__ $260M bust in Africa,https://www.reddit.com/r/CryptoCurrency/comments/1q8trio/tether_partners_with_unodc_after_interpols_260m/,0,0,1,0,2026/1/9,0.3,1,,
Bitcoin Miner Water Heater Featured on the CES 2026 Show Floor,https://www.reddit.com/r/CryptoCurrency/comments/1q7jlag/bitcoin_miner_water_heater_featured_on_the_ces/,0.4939,0.04,0.96,0,2026/1/8,0.3,1,,
Alex Becker's Cryptocurrency Investment Advice Guide YouTube Video for 2025 - How much money did you or would you have lost?,https://www.reddit.com/r/CryptoCurrency/comments/1q87k14/alex_beckers_cryptocurrency_investment_advice/,-0.7721,0.035,0.908,0.057,2026/1/9,-0.8,1,,
Alex Becker's Cryptocurrency Investment Advice Guide YouTube Video for 2025 - How much money did you or would you have lost?,https://www.reddit.com/r/CryptoCurrency/comments/1q87k14/alex_beckers_cryptocurrency_investment_advice/,-0.7721,0.035,0.908,0.057,2026/1/9,-0.8,1,,
USDC to USD without KYC in Europe?,https://www.reddit.com/r/CryptoCurrency/comments/1q8h8c0/usdc_to_usd_without_kyc_in_europe/,0.9905,0.169,0.753,0.078,2026/1/9,-0.3,0,,
Cathie Wood Says U.S. Could Start Buying Bitcoin for National Reserves,https://www.reddit.com/r/CryptoCurrency/comments/1q847o7/cathie_wood_says_us_could_start_buying_bitcoin/,0,0,1,0,2026/1/9,0.4,1,,
"Bitcoin price news: BTC quietly retreats to $90,000",https://www.reddit.com/r/CryptoCurrency/comments/1q8k7ob/bitcoin_price_news_btc_quietly_retreats_to_90000/,0,0,1,0,2026/1/9,-0.1,0,,
Looking to invest into crypto.,https://www.reddit.com/r/CryptoMarkets/comments/1q90i8l/looking_to_invest_into_crypto/,0.7622,0.066,0.934,0,2026/1/10,0.5,1,,
Looking to invest into crypto.,https://www.reddit.com/r/CryptoMarkets/comments/1q90i8l/looking_to_invest_into_crypto/,0.7622,0.066,0.934,0,2026/1/10,0.1,1,,
"The Blocksize War: The Conflict That Forged the Soul of Bitcoin. Bitcoin__ resilience is not a given, but the result of a digital civil war.",https://www.reddit.com/r/CryptoMarkets/comments/1q8zr2u/the_blocksize_war_the_conflict_that_forged_the/,-0.8573,0,0.76,0.24,2026/1/10,-0.3,1,,
"The worst possible case scenario that can drop bitcoin to $60,000 if not $50,000",https://www.reddit.com/r/CryptoMarkets/comments/1q8moh6/the_worst_possible_case_scenario_that_can_drop/,-0.7665,0.092,0.789,0.118,2026/1/9,-1,1,,
$30k sitting in cash - thinking of moving it into crypto instead,https://www.reddit.com/r/CryptoMarkets/comments/1q8amqw/30k_sitting_in_cash_thinking_of_moving_it_into/,0.1431,0.068,0.857,0.074,2026/1/9,0.3,1,,
$30k sitting in cash - thinking of moving it into crypto instead,https://www.reddit.com/r/CryptoMarkets/comments/1q8amqw/30k_sitting_in_cash_thinking_of_moving_it_into/,0.1431,0.068,0.857,0.074,2026/1/9,0.3,1,,
"2025 crypto markets was like: when fundamentals, technicals, and common sense all stopped mattering",https://www.reddit.com/r/CryptoMarkets/comments/1q8l7j4/2025_crypto_markets_was_like_when_fundamentals/,-0.9977,0.107,0.722,0.17,2026/1/9,-0.9,1,,
"2025 crypto markets was like: when fundamentals, technicals, and common sense all stopped mattering",https://www.reddit.com/r/CryptoMarkets/comments/1q8l7j4/2025_crypto_markets_was_like_when_fundamentals/,-0.9977,0.107,0.722,0.17,2026/1/9,-0.9,1,,
"The Litany of Regret: Why Bitcoin Always Feels Expensive, and Why Your Feelings Are Wrong. The Psychological Edge: How to Silence the Voice of Buyer__ Remorse and Build Conviction in an Era of Infinite Supply.",https://www.reddit.com/r/CryptoMarkets/comments/1q8ffh1/the_litany_of_regret_why_bitcoin_always_feels/,-0.7906,0,0.84,0.16,2026/1/9,-0.8,1,,
Could Geography Become a Key Variable in Bitcoin Mining?,https://www.reddit.com/r/CryptoMarkets/comments/1q8bk6e/could_geography_become_a_key_variable_in_bitcoin/,0.9413,0.17,0.83,0,2026/1/9,0.05,1,,
Deloitte study: Quantum computers and the Bitcoin blockchain,https://www.reddit.com/r/CryptoMarkets/comments/1q8j4hk/deloitte_study_quantum_computers_and_the_bitcoin/,-0.2901,0.058,0.873,0.069,2026/1/9,0,0,,
"Stock Trader Here: Finally Exploring Crypto ,What__ Worth Studying Beyond BTC & ETH?",https://www.reddit.com/r/CryptoMarkets/comments/1q7z44z/stock_trader_here_finally_exploring_crypto_whats/,0.9721,0.092,0.895,0.013,2026/1/8,-0.3,0,,
"Stock Trader Here: Finally Exploring Crypto ,What__ Worth Studying Beyond BTC & ETH?",https://www.reddit.com/r/CryptoMarkets/comments/1q7z44z/stock_trader_here_finally_exploring_crypto_whats/,0.9721,0.092,0.895,0.013,2026/1/8,-0.3,0,,
"Thoughts on Litcoin, Solana or Zcash?",https://www.reddit.com/r/CryptoMarkets/comments/1q85dlq/thoughts_on_litcoin_solana_or_zcash/,0.973,0.123,0.838,0.039,2026/1/9,-0.3,0,,
"Thoughts on Litcoin, Solana or Zcash?",https://www.reddit.com/r/CryptoMarkets/comments/1q85dlq/thoughts_on_litcoin_solana_or_zcash/,0.973,0.123,0.838,0.039,2026/1/9,-0.3,0,,
"Thoughts on Litcoin, Solana or Zcash?",https://www.reddit.com/r/CryptoMarkets/comments/1q85dlq/thoughts_on_litcoin_solana_or_zcash/,0.973,0.123,0.838,0.039,2026/1/9,-0.3,0,,
"Thoughts on Litcoin, Solana or Zcash?",https://www.reddit.com/r/CryptoMarkets/comments/1q85dlq/thoughts_on_litcoin_solana_or_zcash/,0.973,0.123,0.838,0.039,2026/1/9,-0.3,0,,
Recommend me a crypto card. Plz,https://www.reddit.com/r/CryptoMarkets/comments/1q82r23/recommend_me_a_crypto_card_plz/,0.9411,0.123,0.839,0.038,2026/1/9,-0.8,0,,
BTC Today!,https://www.reddit.com/r/CryptoMarkets/comments/1q8649i/btc_today/,-0.8402,0.147,0.688,0.165,2026/1/9,1,0,,
"The End of the Financial Mirage: How Trump Is Resetting Capitalism (and Why Bitcoin Is the Ultimate Safe Haven). When Capital Is Drafted by the State, Bitcoin Becomes the Last Fortress of Private Property.",https://www.reddit.com/r/CryptoMarkets/comments/1q8203i/the_end_of_the_financial_mirage_how_trump_is/,0.4404,0.063,0.937,0,2026/1/8,0.8,1,,
The Great Distraction: Why You Are Missing the Point of Bitcoin. Stop Staring at the Charts. Start Building the Life You Bought Them For.,https://www.reddit.com/r/CryptoMarkets/comments/1q7ftxp/the_great_distraction_why_you_are_missing_the/,-0.2263,0.1,0.73,0.17,2026/1/8,0.8,0,,
Where to stake my ETH?,https://www.reddit.com/r/CryptoMarkets/comments/1q7rd7i/where_to_stake_my_eth/,0.9957,0.198,0.768,0.034,2026/1/8,-0.3,0,,
"_2025 witnessed many impressive milestones in the crypto industry, i.e., crypto market cap reached $4T, launch of Strategic Bitcoin Reserve in the US, and more.",https://www.reddit.com/r/Crypto_com/comments/1q7vw6d/2025_witnessed_many_impressive_milestones_in_the/,0.5719,0.125,0.875,0,2026/1/8,0.8,1,,
__ Golden Cross vs Death Cross _ Useful or Overrated?,https://www.reddit.com/r/Crypto_com/comments/1q6r6a9/golden_cross_vs_death_cross_useful_or_overrated/,-0.9789,0.05,0.739,0.212,2026/1/7,-0.3,1,,
Hey i am biggest usdt seller,https://www.reddit.com/r/USDT_EXCHANGE/comments/1q90n30/hey_i_am_biggest_usdt_seller/,0.1531,0.055,0.945,0,2026/1/10,-1,0,,
usdt chahiye 93 me in mumbai 2k$ daily,https://www.reddit.com/r/USDT_EXCHANGE/comments/1q8xuy3/usdt_chahiye_93_me_in_mumbai_2k_daily/,0,0,1,0,2026/1/9,-0.8,0,,
WE WANT TO BUY USDT RATES @155 INDIAN RUPEES,https://www.reddit.com/r/USDT_EXCHANGE/comments/1q8wcnf/we_want_to_buy_usdt_rates_155_indian_rupees/,0.3551,0.062,0.904,0.034,2026/1/9,-1,0,,
WE WANT TO BUY USDT RATES @155 INDIAN RUPEES,https://www.reddit.com/r/USDT_EXCHANGE/comments/1q8wcnf/we_want_to_buy_usdt_rates_155_indian_rupees/,0.3551,0.062,0.904,0.034,2026/1/9,-1,0,,
WE NEED A LOT OF USDT RATES @155INR DM ME,https://www.reddit.com/r/USDT_EXCHANGE/comments/1q8vwev/we_need_a_lot_of_usdt_rates_155inr_dm_me/,0.9758,0.113,0.816,0.071,2026/1/9,-0.9,0,,
WE NEED A LOT OF USDT RATES @155INR DM ME,https://www.reddit.com/r/USDT_EXCHANGE/comments/1q8vwev/we_need_a_lot_of_usdt_rates_155inr_dm_me/,0.9758,0.113,0.816,0.071,2026/1/9,-0.9,0,,